{"axis":{"number":5},"calibrate":{"j0":-9.159099999999999,"j1":135.00100999999998,"j2":-86.18947999999989,"j3":151.769555,"j4":251.943745},"default_jerk":{"joint":[300,300,300,300,300],"xyz":[1270,1270,1270,300,300]},"default_speed":{"joint":1000,"xyz":2540},"limit":{"j0":[-175,175],"j1":[-175,160],"j2":[-130,130]},"motion":{"ct":0.01,"gpa":2,"jt":1},"toolhead":{"x":44.196},"unit":{"length":"mm"}}